,Greater Capital City,Number of Tweets Made
2,2gmel (Greater Melbourne),2250071
0,1gsyd (Greater Sydney),2110026
4,3gbri (Greater Brisbane),843036
1,1rnsw (Rest of NSW),755479
5,3rqld (Rest of QLD),724570
3,2rvic (Rest of Vic.),614547
8,5gper (Greater Perth),582278
6,4gade (Greater Adelaide),450972
14,8acte (Australian Capital Territory),211989
9,5rwau (Rest of WA),138644
7,4rsau (Rest of SA),112069
11,6rtas (Rest of Tas.),94715
10,6ghob (Greater Hobart),83564
12,7gdar (Greater Darwin),46315
13,7rnte (Rest of NT),33803
61,australia (australia),21326
1275,torontoontario (torontoontario),2102
1000,pacificpinesgoldcoast (pacificpinesgoldcoast),1130
213,bulliwollongong (bulliwollongong),732
333,corrimalwollongong (corrimalwollongong),462
1038,pokolbincessnock (pokolbincessnock),455
1211,surfersparadisegoldcoast (surfersparadisegoldcoast),392
994,outbackroxbydowns (outbackroxbydowns),369
81,ballaratcentralballarat (ballaratcentralballarat),255
157,bluemountainsnationalparkbluemountains (bluemountainsnationalparkbluemountains),245
1306,uranganherveybay (uranganherveybay),240
704,laffingwatersbathurst (laffingwatersbathurst),228
449,etnacreekglendale (etnacreekglendale),220
555,hackneylondon (hackneylondon),194
623,islingtonlondon (islingtonlondon),191
1022,petermannyulara (petermannyulara),174
36,almanorthampton (almanorthampton),168
735,leurabluemountains (leurabluemountains),164
1396,whitsundayshamiltonisland (whitsundayshamiltonisland),164
632,jervisbayjervisbayterritory (jervisbayjervisbayterritory),157
635,jesmondnewcastle (jesmondnewcastle),156
939,noosaheadssunshinecoast (noosaheadssunshinecoast),156
979,oakvilleontario (oakvilleontario),152
508,gledswoodhillscatherinefield (gledswoodhillscatherinefield),138
497,georgetownpinang (georgetownpinang),125
1258,thirroulwollongong (thirroulwollongong),123
327,coralseamackay (coralseamackay),123
1292,turinpiedmont (turinpiedmont),119
539,grovedalegeelong (grovedalegeelong),111
342,crawleysoutheast (crawleysoutheast),107
879,mountmacedonmacedon (mountmacedonmacedon),107
220,burleighheadsgoldcoast (burleighheadsgoldcoast),104
600,hughtitjikala (hughtitjikala),104
217,buninyongballarat (buninyongballarat),101
802,mclarenvalemclarenvale (mclarenvalemclarenvale),99
1199,stonewelltanunda (stonewelltanunda),92
137,bethanytanunda (bethanytanunda),88
536,greenwichlondon (greenwichlondon),83
194,broadbeachgoldcoast (broadbeachgoldcoast),78
715,lakemacquarienewcastle (lakemacquarienewcastle),73
1265,tinbeerwahdoonan-tinbeerwah (tinbeerwahdoonan-tinbeerwah),72
988,opaltonwinton (opaltonwinton),70
955,northmalenymaleny (northmalenymaleny),69
1352,warumungutennantcreek (warumungutennantcreek),66
1337,wandsworthlondon (wandsworthlondon),64
737,lilyvalehelensburgh (lilyvalehelensburgh),63
1325,wagerupyarloop (wagerupyarloop),63
1074,redhillredhillsouth (redhillredhillsouth),62
236,calgaryalberta (calgaryalberta),61
352,currumbingoldcoast (currumbingoldcoast),57
599,hothamheightsmounthotham (hothamheightsmounthotham),53
843,mollymookulladulla (mollymookulladulla),53
636,jindabynelakewoodestate (jindabynelakewoodestate),52
1224,tannumsandstannumsands-boyneisland (tannumsandstannumsands-boyneisland),48
401,dudleynewcastle (dudleynewcastle),48
645,kakadujabiru (kakadujabiru),46
1108,rowlandflattanunda (rowlandflattanunda),45
851,mooloolabasunshinecoast (mooloolabasunshinecoast),45
1283,trevallynlaunceston (trevallynlaunceston),43
633,jervisbayterritoryaustralia (jervisbayterritoryaustralia),43
1003,palmviewglenview (palmviewglenview),42
179,bornholmdanmark (bornholmdanmark),41
1388,westwodongawodonga (westwodongawodonga),41
149,blackallsparknewcastle (blackallsparknewcastle),40
328,coralseayarrabah (coralseayarrabah),39
771,mainridgearthursseat (mainridgearthursseat),38
239,caloundrasunshinecoast (caloundrasunshinecoast),38
64,avalonlara (avalonlara),38
530,gosfordcentralcoast (gosfordcentralcoast),37
365,dargodinnerplain (dargodinnerplain),37
659,katoombabluemountains (katoombabluemountains),37
111,beerburrumbeerburrum-north (beerburrumbeerburrum-north),37
1274,torontonewcastle (torontonewcastle),36
493,geelongwestgeelong (geelongwestgeelong),35
1150,smythescreekballarat (smythescreekballarat),35
1355,waurnpondsgeelong (waurnpondsgeelong),35
499,gibsondesertnorthkiwirrkurra (gibsondesertnorthkiwirrkurra),34
353,currumbinvalleygoldcoast (currumbinvalleygoldcoast),34
848,montvilleflaxton (montvilleflaxton),34
788,maroochydoresunshinecoast (maroochydoresunshinecoast),33
914,naturalistedunsborough (naturalistedunsborough),32
770,mainbeachgoldcoast (mainbeachgoldcoast),32
1402,williamtowntomago (williamtowntomago),32
820,mertonlondon (mertonlondon),31
407,eastarnhemyirrkala (eastarnhemyirrkala),30
172,bonshawballarat (bonshawballarat),30
557,haleamoonguna (haleamoonguna),30
733,lenevawodonga (lenevawodonga),30
233,cairnscitycairns (cairnscitycairns),30
404,durackwarmun (durackwarmun),30
875,mountkemblawollongong (mountkemblawollongong),30
1153,somersbycentralcoast (somersbycentralcoast),30
1410,windermeredilston (windermeredilston),29
670,kiambasoccsksargen (kiambasoccsksargen),29
937,nonningportaugusta (nonningportaugusta),29
120,bellsbeachtorquay-janjuc (bellsbeachtorquay-janjuc),29
50,argentonnewcastle (argentonnewcastle),29
189,bramleymargaretriver (bramleymargaretriver),28
510,glenedengladstone (glenedengladstone),28
1448,yeringyarraglen (yeringyarraglen),28
247,canmorealberta (canmorealberta),28
701,lacebywangaratta (lacebywangaratta),27
302,coalcliffwollongong (coalcliffwollongong),27
1367,westarnhemminjilang (westarnhemminjilang),27
734,leschenaultbunbury (leschenaultbunbury),26
616,ironbarkbendigo (ironbarkbendigo),26
941,noosavillesunshinecoast (noosavillesunshinecoast),25
450,ettalongbeachcentralcoast (ettalongbeachcentralcoast),25
886,mountviewcessnock (mountviewcessnock),25
933,ngaanyatjarra-gilespapulankutja (ngaanyatjarra-gilespapulankutja),25
1432,woywoybaycentralcoast (woywoybaycentralcoast),25
1053,portstephenssalamanderbay-soldierspoint (portstephenssalamanderbay-soldierspoint),25
558,halifaxnovascotia (halifaxnovascotia),25
45,anmatjereyuelamu (anmatjereyuelamu),25
892,mudgeerabagoldcoast (mudgeerabagoldcoast),24
960,northstradbrokeislanddunwich (northstradbrokeislanddunwich),24
678,kingsclifftweedheads (kingsclifftweedheads),24
1117,samfordvalleysamfordvalley-highvale (samfordvalleysamfordvalley-highvale),24
814,mermaidbeachgoldcoast (mermaidbeachgoldcoast),24
429,echucavillageechuca (echucavillageechuca),23
108,bawbawbawbawvillage (bawbawbawbawvillage),23
894,muellerrangeshallscreek (muellerrangeshallscreek),23
1433,woywoycentralcoast (woywoycentralcoast),23
865,mossmangorgemossman (mossmangorgemossman),23
1244,theentrancecentralcoast (theentrancecentralcoast),22
1222,tallebudgeravalleygoldcoast (tallebudgeravalleygoldcoast),22
1358,wellcamptoowoomba (wellcamptoowoomba),22
270,catherinehillbaynordswharf (catherinehillbaynordswharf),22
1360,wellingtonparkferntree (wellingtonparkferntree),22
1295,tyagarahbyronbay (tyagarahbyronbay),22
714,lakemackaynyirripi (lakemackaynyirripi),22
908,naplescampania (naplescampania),22
1105,rosevearslanena-blackwall (rosevearslanena-blackwall),22
959,northshoregeelong (northshoregeelong),22
602,hyamsbeachjervisbay (hyamsbeachjervisbay),22
842,mollymookbeachulladulla (mollymookbeachulladulla),22
707,lakeargylewarmun (lakeargylewarmun),21
837,mittagongbowral-mittagong (mittagongbowral-mittagong),21
1312,varsitylakesgoldcoast (varsitylakesgoldcoast),21
1374,westernjunctionevandale (westernjunctionevandale),21
273,centralbusinessdistrictdenver (centralbusinessdistrictdenver),21
462,fallscreekfallscreek(vic.) (fallscreekfallscreek(vic.)),21
486,gatesheadnewcastle (gatesheadnewcastle),20
359,dalyrivernauiyunambiyu(dalyriver) (dalyrivernauiyunambiyu(dalyriver)),20
306,cocorocwerribeesouth (cocorocwerribeesouth),20
1240,terrigalcentralcoast (terrigalcentralcoast),20
798,mcarthurborroloola (mcarthurborroloola),20
608,improvementdistrictno.9banffalberta (improvementdistrictno.9banffalberta),20
444,encounterbayvictorharbor-goolwa (encounterbayvictorharbor-goolwa),20
210,buderimsunshinecoast (buderimsunshinecoast),20
1273,torndirruplittlegrove (torndirruplittlegrove),19
596,hopeislandgoldcoast (hopeislandgoldcoast),19
1087,riversidelaunceston (riversidelaunceston),19
822,miamigoldcoast (miamigoldcoast),19
321,cooloolarainbowbeach (cooloolarainbowbeach),19
1054,positanocampania (positanocampania),18
917,nemarluknganmarriyanga(palumpa) (nemarluknganmarriyanga(palumpa)),18
836,mitchellparkballarat (mitchellparkballarat),18
1114,sailorsfallsdaylesford-hepburnsprings (sailorsfallsdaylesford-hepburnsprings),18
951,northgeelonggeelong (northgeelonggeelong),18
322,coolumbeachsunshinecoast (coolumbeachsunshinecoast),18
116,bellarineportarlington (bellarineportarlington),18
1004,pamayuelliott (pamayuelliott),18
269,cataractwollongong (cataractwollongong),18
1043,portdouglasportdouglas-craiglie (portdouglasportdouglas-craiglie),18
920,newcastleeastnewcastle (newcastleeastnewcastle),17
1032,plumridgelakestjuntjuntjara (plumridgelakestjuntjuntjara),17
817,merricksbalnarring-balnarringbeach (merricksbalnarring-balnarringbeach),17
202,bromleylondon (bromleylondon),17
957,northnowranowra-bomaderry (northnowranowra-bomaderry),17
989,ordriverhallscreek (ordriverhallscreek),17
738,limmenngukurr (limmenngukurr),16
973,numburindinumbulwar (numburindinumbulwar),16
1363,wentworthfallsbluemountains (wentworthfallsbluemountains),16
940,noosanorthshoresunshinecoast (noosanorthshoresunshinecoast),16
928,newmarketontario (newmarketontario),16
576,henleybrookellenbrook (henleybrookellenbrook),16
918,neranggoldcoast (neranggoldcoast),16
766,maddensplainswollongong (maddensplainswollongong),16
1128,scarsdalesmythesdale (scarsdalesmythesdale),15
400,drysdaleriverkalumburu (drysdaleriverkalumburu),15
1002,palmcovecairns (palmcovecairns),15
34,allenstownrockhampton (allenstownrockhampton),15
427,eastwangarattawangaratta (eastwangarattawangaratta),15
751,longjettycentralcoast (longjettycentralcoast),15
1210,sunshinebeachsunshinecoast (sunshinebeachsunshinecoast),15
169,bonegillaalbury (bonegillaalbury),15
232,cablebeachbroome (cablebeachbroome),15
434,eerwahvaleeumundi (eerwahvaleeumundi),15
540,gruyerewooriyallock-launchingplace (gruyerewooriyallock-launchingplace),15
22,advancetowngoldcoast (advancetowngoldcoast),15
1330,wallingtonoceangrove-barwonheads (wallingtonoceangrove-barwonheads),15
1301,undullahjimboomba-west (undullahjimboomba-west),14
801,mclarenflatmclarenflat (mclarenflatmclarenflat),14
553,gwynnevillewollongong (gwynnevillewollongong),14
1370,westbusseltonbusselton (westbusseltonbusselton),14
1390,westwoodlaunceston (westwoodlaunceston),14
131,bergennederland (bergennederland),14
67,avocabeachcentralcoast (avocabeachcentralcoast),14
806,megalongvalleybluemountains (megalongvalleybluemountains),14
514,glenrowanglenrowan-north (glenrowanglenrowan-north),14
1010,parwanmelton (parwanmelton),14
976,o.b.flatmountgambier (o.b.flatmountgambier),14
178,booralamingkoorda (booralamingkoorda),14
731,leeuwinaugusta (leeuwinaugusta),13
1276,torresstraitbaduisland (torresstraitbaduisland),13
438,eleebananewcastle (eleebananewcastle),13
1427,woothamaleny (woothamaleny),13
392,douglas-dalypinecreek (douglas-dalypinecreek),13
944,norlanegeelong (norlanegeelong),13
1192,stgeorgerangesbayulu (stgeorgerangesbayulu),13
754,lowerdaintreedaintree (lowerdaintreedaintree),13
531,governmentdistrictdallas (governmentdistrictdallas),13
368,davenportwutunugurra (davenportwutunugurra),13
175,bookerbaycentralcoast (bookerbaycentralcoast),13
870,mountedwardsaratula (mountedwardsaratula),13
927,newmanjigalong (newmanjigalong),13
181,bowenfelslithgow (bowenfelslithgow),13
1024,pialbaherveybay (pialbaherveybay),13
184,boxheadcentralcoast (boxheadcentralcoast),12
132,berkeleywollongong (berkeleywollongong),12
331,coriogeelong (coriogeelong),12
549,gurindjidaguragu-kalkarindji (gurindjidaguragu-kalkarindji),12
330,corfieldwinton (corfieldwinton),12
1339,wangarattasouthwangaratta (wangarattasouthwangaratta),12
1089,robinagoldcoast (robinagoldcoast),12
316,connewarreleopold (connewarreleopold),12
796,mayfieldnewcastle (mayfieldnewcastle),12
1346,warnersbaynewcastle (warnersbaynewcastle),12
1005,paracombehoughton (paracombehoughton),12
1201,strathfieldsayebendigo (strathfieldsayebendigo),12
86,bandianawodonga (bandianawodonga),12
425,easttrinityyarrabah (easttrinityyarrabah),12
642,junortounbendigo (junortounbendigo),12
1204,sturtcreekmindibungu (sturtcreekmindibungu),12
869,mountduneedgeelong (mountduneedgeelong),12
546,gulungmardrulkbulman-weemol (gulungmardrulkbulman-weemol),12
1237,teralbanewcastle (teralbanewcastle),12
399,drysdaledrysdale-cliftonsprings (drysdaledrysdale-cliftonsprings),12
418,eastkurrajongglossodia (eastkurrajongglossodia),11
1137,shellharbourwollongong (shellharbourwollongong),11
503,girraweenwallangarra (girraweenwallangarra),11
1009,parramattaparkcairns (parramattaparkcairns),11
183,bowralbowral-mittagong (bowralbowral-mittagong),11
783,marchorange (marchorange),11
195,broadbeachwatersgoldcoast (broadbeachwatersgoldcoast),11
613,invermaylaunceston (invermaylaunceston),11
363,dampierpeninsulabeaglebay (dampierpeninsulabeaglebay),11
1377,westgosfordcentralcoast (westgosfordcentralcoast),11
1232,tarrengowermaldon (tarrengowermaldon),11
668,kiallashepparton-mooroopna (kiallashepparton-mooroopna),11
305,cochranealberta (cochranealberta),11
526,goolwavictorharbor-goolwa (goolwavictorharbor-goolwa),11
84,balnarringbalnarring-balnarringbeach (balnarringbalnarring-balnarringbeach),11
294,clarkefieldriddellscreek (clarkefieldriddellscreek),11
1241,tewantinsunshinecoast (tewantinsunshinecoast),11
1354,waterbankbroome (waterbankbroome),11
1110,ruralviewmackay (ruralviewmackay),11
1416,wongawongabeach (wongawongabeach),10
729,lawnhilldoomadgee (lawnhilldoomadgee),10
308,coledalewollongong (coledalewollongong),10
986,olympicdamroxbydowns (olympicdamroxbydowns),10
315,connellanalicesprings (connellanalicesprings),10
1436,wyongcentralcoast (wyongcentralcoast),10
573,hazelwoodnorthmorwell (hazelwoodnorthmorwell),10
826,midlandontario (midlandontario),10
26,airliebeachairliebeach-cannonvale (airliebeachairliebeach-cannonvale),10
373,deepleadstawell (deepleadstawell),10
537,greigsflatsouthpambula (greigsflatsouthpambula),10
700,labradorgoldcoast (labradorgoldcoast),10
47,arakoonsouthwestrocks (arakoonsouthwestrocks),10
703,ladysmithbritishcolumbia (ladysmithbritishcolumbia),10
361,dampieraustralia (dampieraustralia),10
1221,tallebudgeragoldcoast (tallebudgeragoldcoast),10
1287,tugungoldcoast (tugungoldcoast),10
676,kingsbeachsunshinecoast (kingsbeachsunshinecoast),10
1122,sandoverampilatwatja (sandoverampilatwatja),10
1371,westcoastrosebery (westcoastrosebery),10
73,badgercreekhealesville (badgercreekhealesville),10
1227,tarannaeaglehawkneck (tarannaeaglehawkneck),10
288,chilternvalleychiltern (chilternvalleychiltern),9
1268,tiwiislandsmilikapiti (tiwiislandsmilikapiti),9
971,nowranowra-bomaderry (nowranowra-bomaderry),9
432,edmontonalberta (edmontonalberta),9
993,ourimbahcentralcoast (ourimbahcentralcoast),9
1218,tabletopalbury (tabletopalbury),9
907,nambungcervantes (nambungcervantes),9
231,cabaritabeachtweedheads (cabaritabeachtweedheads),9
720,lakewendoureeballarat (lakewendoureeballarat),9
250,canobolasorange (canobolasorange),9
1344,warganwentworth (warganwentworth),9
348,cullinaneinnisfail (cullinaneinnisfail),9
1419,woodstockkingspoint (woodstockkingspoint),9
495,genoaliguria (genoaliguria),9
1421,woombyenambour (woombyenambour),9
807,meltonsouthmelton (meltonsouthmelton),9
617,ironbaronwhyalla (ironbaronwhyalla),9
101,barwonheadsoceangrove-barwonheads (barwonheadsoceangrove-barwonheads),9
629,jasperalberta (jasperalberta),9
1347,warnervalecentralcoast (warnervalecentralcoast),9
1336,wandongwandong-heathcotejunction (wandongwandong-heathcotejunction),9
1332,wallsendnewcastle (wallsendnewcastle),9
584,hexhamnewcastle (hexhamnewcastle),9
1071,ravellocampania (ravellocampania),9
575,helensvalegoldcoast (helensvalegoldcoast),9
825,middletonbeachalbany (middletonbeachalbany),9
835,missionriverweipa (missionriverweipa),9
1309,valentinenewcastle (valentinenewcastle),9
1429,worongarygoldcoast (worongarygoldcoast),9
752,lovelybanksgeelong (lovelybanksgeelong),9
60,austinvillegoldcoast (austinvillegoldcoast),9
1092,rockhamptoncityrockhampton (rockhamptoncityrockhampton),9
1098,roebuckbroome (roebuckbroome),9
664,kemblagrangewollongong (kemblagrangewollongong),9
141,bighillbendigo (bighillbendigo),8
281,charlestownnewcastle (charlestownnewcastle),8
647,kalganalbany (kalganalbany),8
1036,pointlonsdalepointlonsdale-queenscliff (pointlonsdalepointlonsdale-queenscliff),8
29,albionparkrailwollongong (albionparkrailwollongong),8
991,ormeaugoldcoast (ormeaugoldcoast),8
810,merewethernewcastle (merewethernewcastle),8
140,biggerawatersgoldcoast (biggerawatersgoldcoast),8
769,maidenheadsoutheast (maidenheadsoutheast),8
1006,paradisepointgoldcoast (paradisepointgoldcoast),8
319,coolangattashoalhavenheads (coolangattashoalhavenheads),8
1197,stocktonnewcastle (stocktonnewcastle),8
1127,scarnessherveybay (scarnessherveybay),8
1372,westdaletamworth (westdaletamworth),8
1187,stanleyflatclare (stanleyflatclare),8
572,hazelbrookbluemountains (hazelbrookbluemountains),8
815,mermaidwatersgoldcoast (mermaidwatersgoldcoast),8
1156,sorrentocampania (sorrentocampania),8
1033,pointarkwrightsunshinecoast (pointarkwrightsunshinecoast),8
1085,rivergladesmurraybridge (rivergladesmurraybridge),8
689,koonoomootocumwal (koonoomootocumwal),8
78,balgowniewollongong (balgowniewollongong),8
968,northwollongongwollongong (northwollongongwollongong),8
1412,witherencanungra (witherencanungra),8
966,northwangarattawangaratta (northwangarattawangaratta),8
1284,trinitybeachcairns (trinitybeachcairns),8
627,janjuctorquay-janjuc (janjuctorquay-janjuc),8
197,broadmeadownewcastle (broadmeadownewcastle),7
519,gobbagombalinestella (gobbagombalinestella),7
947,northarmeumundi (northarmeumundi),7
1319,veronaveneto (veronaveneto),7
230,byawathaeldorado (byawathaeldorado),7
567,harwoodmaclean (harwoodmaclean),7
743,lockhartlockhartriver (lockhartlockhartriver),7
280,charlessturtuniversityestella (charlessturtuniversityestella),7
155,bloomfieldwujalwujal (bloomfieldwujalwujal),7
403,dunmorewollongong (dunmorewollongong),7
673,kilmoreeastkilmore (kilmoreeastkilmore),7
25,aireysinletaireysinlet-fairhaven (aireysinletaireysinlet-fairhaven),7
839,moffatbeachsunshinecoast (moffatbeachsunshinecoast),7
82,ballarateastballarat (ballarateastballarat),7
1296,tygalgahmurwillumbah (tygalgahmurwillumbah),7
1356,waverleylaunceston (waverleylaunceston),7
143,bilingagoldcoast (bilingagoldcoast),7
983,oldburymundijong (oldburymundijong),7
853,moontabaymoonta (moontabaymoonta),7
441,elseymataranka (elseymataranka),7
1302,unionstationdenver (unionstationdenver),7
858,mooroopnashepparton-mooroopna (mooroopnashepparton-mooroopna),7
318,coolabuniakingaroy (coolabuniakingaroy),7
1262,tigheshillnewcastle (tigheshillnewcastle),7
597,hopetounhopetoun(vic.) (hopetounhopetoun(vic.)),7
1173,southnowranowra-bomaderry (southnowranowra-bomaderry),7
1329,wallagootkalaru (wallagootkalaru),7
114,bellambiwollongong (bellambiwollongong),7
367,davenportalicurung (davenportalicurung),7
1126,scarboroughwollongong (scarboroughwollongong),7
580,hernehillgeelong (hernehillgeelong),7
1277,toukleycentralcoast (toukleycentralcoast),7
296,cliftleighheddongreta (cliftleighheddongreta),7
919,newboroughmoe-newborough (newboroughmoe-newborough),7
921,newcastlewestnewcastle (newcastlewestnewcastle),7
724,lammermooryeppoon (lammermooryeppoon),7
1333,wamberalcentralcoast (wamberalcentralcoast),7
1145,sippydownssunshinecoast (sippydownssunshinecoast),7
1323,victorharborvictorharbor-goolwa (victorharborvictorharbor-goolwa),7
19,abermainkurrikurri-weston (abermainkurrikurri-weston),7
1373,westendhistoricdistrictdallas (westendhistoricdistrictdallas),7
789,maroochyriversunshinecoast (maroochyriversunshinecoast),7
1083,richmondrichmond(tas.) (richmondrichmond(tas.)),7
433,edmontoncairns (edmontoncairns),6
763,mackayharbourmackay (mackayharbourmackay),6
324,coomeragoldcoast (coomeragoldcoast),6
437,elanoragoldcoast (elanoragoldcoast),6
1238,teraranowra-bomaderry (teraranowra-bomaderry),6
31,alexandraheadlandsunshinecoast (alexandraheadlandsunshinecoast),6
609,indigovalleybarnawartha (indigovalleybarnawartha),6
32,alfredtonballarat (alfredtonballarat),6
1271,toowoombacitytoowoomba (toowoombacitytoowoomba),6
1297,tynongnorthmaryknoll (tynongnorthmaryknoll),6
341,crawfordkingaroy (crawfordkingaroy),6
1242,thamarrurrwadeye (thamarrurrwadeye),6
946,northalburyalbury (northalburyalbury),6
1129,seabirdgabbadah (seabirdgabbadah),6
517,glossopberri (glossopberri),6
874,mountkeirawollongong (mountkeirawollongong),6
1279,townsvillecitytownsville (townsvillecitytownsville),6
948,northavocacentralcoast (northavocacentralcoast),6
1119,sanctuarypointstgeorgesbasin-sanctuarypoint (sanctuarypointstgeorgesbasin-sanctuarypoint),6
100,barrongorgecairns (barrongorgecairns),6
687,koolewongcentralcoast (koolewongcentralcoast),6
871,mounthardmanyungngora (mounthardmanyungngora),6
452,eurundereeputtabucca-bombira (eurundereeputtabucca-bombira),6
1075,redhillsoutheast (redhillsoutheast),6
498,gheringhapbatesford (gheringhapbatesford),6
1247,thegapalicesprings (thegapalicesprings),6
447,erinacentralcoast (erinacentralcoast),6
147,birdwoodtoncabarita (birdwoodtoncabarita),6
868,mountcoolumsunshinecoast (mountcoolumsunshinecoast),6
209,buddinasunshinecoast (buddinasunshinecoast),6
300,clothierscreeknunderi (clothierscreeknunderi),6
974,numinbahvalleybeechmont (numinbahvalleybeechmont),6
745,lockwoodbendigo (lockwoodbendigo),6
301,clunesclunes(vic.) (clunesclunes(vic.)),6
578,hepburnspringsdaylesford-hepburnsprings (hepburnspringsdaylesford-hepburnsprings),6
942,norahheadcentralcoast (norahheadcentralcoast),6
1139,sheppartonnorthshepparton-mooroopna (sheppartonnorthshepparton-mooroopna),6
1140,sheppartonshepparton-mooroopna (sheppartonshepparton-mooroopna),6
1012,pearlbeachcentralcoast (pearlbeachcentralcoast),6
1044,portelliotvictorharbor-goolwa (portelliotvictorharbor-goolwa),6
728,lavingtonalbury (lavingtonalbury),6
1023,phegansbaycentralcoast (phegansbaycentralcoast),6
242,cambewarracambewarravillage (cambewarracambewarravillage),6
1027,pimpamagoldcoast (pimpamagoldcoast),6
1029,pinklakeesperance (pinklakeesperance),6
383,divisionno.10alberta (divisionno.10alberta),6
1272,torndirrupalbany (torndirrupalbany),6
1289,tullimbarwollongong (tullimbarwollongong),6
581,hernesoakmoe-newborough (hernesoakmoe-newborough),6
118,bellbirdheightscessnock (bellbirdheightscessnock),6
997,oxenfordgoldcoast (oxenfordgoldcoast),6
723,lambrangegordonvale (lambrangegordonvale),6
982,officersouthofficer (officersouthofficer),6
1368,westballinaballina (westballinaballina),6
541,guanabamaudsland (guanabamaudsland),6
473,fingalheadtweedheads (fingalheadtweedheads),6
1109,runawaybaygoldcoast (runawaybaygoldcoast),6
1303,uppercoomeragoldcoast (uppercoomeragoldcoast),6
903,myersflatbendigo (myersflatbendigo),6
226,burrundiepinecreek (burrundiepinecreek),6
364,daptowollongong (daptowollongong),6
252,capricampania (capricampania),6
566,harrowlondon (harrowlondon),6
888,mountwarrigalwollongong (mountwarrigalwollongong),5
698,kurrikurrikurrikurri-weston (kurrikurrikurrikurri-weston),5
883,mountpleasantwollongong (mountpleasantwollongong),5
887,mountvincentmulbring (mountvincentmulbring),5
1362,wendoureeballarat (wendoureeballarat),5
877,mountloftywarrandytestatepark (mountloftywarrandytestatepark),5
1445,yatalagoldcoast (yatalagoldcoast),5
1450,yorkeysknobcairns (yorkeysknobcairns),5
1343,wardcharleville (wardcharleville),5
620,irymplemildura (irymplemildura),5
776,manbulloobinjari (manbulloobinjari),5
1118,sancroxkingcreek (sancroxkingcreek),5
778,mandurangbendigo (mandurangbendigo),5
1340,wangiwanginewcastle (wangiwanginewcastle),5
103,bateaubaycentralcoast (bateaubaycentralcoast),5
784,marcoolasunshinecoast (marcoolasunshinecoast),5
1348,warragambasilverdale-warragamba (warragambasilverdale-warragamba),5
866,motharmountaingympie (motharmountaingympie),5
1327,waitpingavictorharbor-goolwa (waitpingavictorharbor-goolwa),5
1350,warrenheipballarat (warrenheipballarat),5
1320,verrierdalesunshinecoast (verrierdalesunshinecoast),5
846,monreposbargara-innespark (monreposbargara-innespark),5
303,coalpointnewcastle (coalpointnewcastle),5
544,guildertongabbadah (guildertongabbadah),5
860,morganparkwarwick (morganparkwarwick),5
527,goonellabahlismore (goonellabahlismore),5
90,banorapointtweedheads (banorapointtweedheads),5
492,gawlersouthgawler (gawlersouthgawler),5
193,briminbundalong (briminbundalong),5
1185,springmountcreswick (springmountcreswick),5
1267,tirrannavillegoulburn (tirrannavillegoulburn),5
1048,portlandwestportland(vic.) (portlandwestportland(vic.)),5
460,fairydellbruthen (fairydellbruthen),5
954,northmackaymackay (northmackaymackay),5
198,broadwaterbusselton (broadwaterbusselton),5
1059,quarryhillbendigo (quarryhillbendigo),5
362,dampierpeninsulabardi(onearmpoint) (dampierpeninsulabardi(onearmpoint)),5
1205,sundaycreekbroadford (sundaycreekbroadford),5
351,currimundisunshinecoast (currimundisunshinecoast),5
699,kybonggympie (kybonggympie),5
435,eganstowndaylesford-hepburnsprings (eganstowndaylesford-hepburnsprings),5
268,casuarinatweedheads (casuarinatweedheads),5
256,cardiffsouthnewcastle (cardiffsouthnewcastle),5
719,laketinarootinaroo (laketinarootinaroo),5
44,anindilyakwaumbakumba (anindilyakwaumbakumba),5
1160,southbowenfelslithgow (southbowenfelslithgow),5
656,kariongcentralcoast (kariongcentralcoast),5
215,bundallgoldcoast (bundallgoldcoast),5
1407,windaboutesperance (windaboutesperance),5
1138,sheppartoneastshepparton-mooroopna (sheppartoneastshepparton-mooroopna),5
80,ballandeanwallangarra (ballandeanwallangarra),5
1203,stuartalicesprings (stuartalicesprings),5
987,ooraleamackay (ooraleamackay),5
1042,portdenisonportdenison-dongara (portdenisonportdenison-dongara),5
474,fitzgeraldrivernationalparkbremerbay (fitzgeraldrivernationalparkbremerbay),5
730,ledgepointlancelin (ledgepointlancelin),5
643,jurienbayjurien (jurienbayjurien),5
923,newgisbornegisborne (newgisbornegisborne),5
1020,pentalislandswanhill (pentalislandswanhill),5
176,boolaroonewcastle (boolaroonewcastle),5
483,fullertoncovenewcastle (fullertoncovenewcastle),5
370,daylesfordaustralia (daylesfordaustralia),5
59,austinmerwollongong (austinmerwollongong),5
1179,speerspointnewcastle (speerspointnewcastle),5
326,cooranbongmorisset-cooranbong (cooranbongmorisset-cooranbong),5
254,caravonicacairns (caravonicacairns),4
377,denningtonwarrnambool (denningtonwarrnambool),4
571,haysouthhay (haysouthhay),4
299,clonbinanewaterfordpark (clonbinanewaterfordpark),4
369,davistowncentralcoast (davistowncentralcoast),4
360,dampierarchipelagodampier (dampierarchipelagodampier),4
121,bellscreeksunshinecoast (bellscreeksunshinecoast),4
323,coombabahgoldcoast (coombabahgoldcoast),4
582,heronscreekkingcreek (heronscreekkingcreek),4
1171,southmackaymackay (southmackaymackay),4
371,daylesforddaylesford-hepburnsprings (daylesforddaylesford-hepburnsprings),4
585,hiddenvalleyyeppoon (hiddenvalleyyeppoon),4
1163,southgeelonggeelong (southgeelonggeelong),4
265,carringtonnewcastle (carringtonnewcastle),4
819,merrijigsawmillsettlement (merrijigsawmillsettlement),4
276,channybearuppemberton (channybearuppemberton),4
1331,wallislakeforster-tuncurry (wallislakeforster-tuncurry),4
594,hollowaysbeachcairns (hollowaysbeachcairns),4
263,carraragoldcoast (carraragoldcoast),4
1147,skinnersshootbyronbay (skinnersshootbyronbay),4
1149,smithsgullystandrews (smithsgullystandrews),4
1379,westlauncestonlaunceston (westlauncestonlaunceston),4
1081,reuniondistrictdallas (reuniondistrictdallas),4
619,irrewarracolac (irrewarracolac),4
335,costelloalpurrurulam (costelloalpurrurulam),4
1387,westwallsendnewcastle (westwallsendnewcastle),4
291,chumcreekhealesville (chumcreekhealesville),4
340,cranganbaycentralcoast (cranganbaycentralcoast),4
1069,rasmussentownsville (rasmussentownsville),4
611,inmanvalleyvictorharbor-goolwa (inmanvalleyvictorharbor-goolwa),4
1068,rangevilletoowoomba (rangevilletoowoomba),4
1062,quindalupdunsborough (quindalupdunsborough),4
104,batehavenbatemansbay (batehavenbatemansbay),4
692,kooringalwaggawagga (kooringalwaggawagga),4
787,marlowsoutheast (marlowsoutheast),4
349,cunninghamardrossan (cunninghamardrossan),4
790,marshallgeelong (marshallgeelong),4
1437,wyyungbairnsdale (wyyungbairnsdale),4
58,attheheadsbarwonheads (attheheadsbarwonheads),4
1321,veterangympie (veterangympie),4
55,arundelgoldcoast (arundelgoldcoast),4
1111,rushforthgrafton (rushforthgrafton),4
1310,vallavallabeach (vallavallabeach),4
750,longforesthopetounpark (longforesthopetounpark),4
481,fortescuepannawonica (fortescuepannawonica),4
529,gorokancentralcoast (gorokancentralcoast),4
1131,sebastopolballarat (sebastopolballarat),4
439,elliminytcolac (elliminytcolac),4
1298,uminabeachcentralcoast (uminabeachcentralcoast),4
440,ellisbeachcairns (ellisbeachcairns),4
445,eneabbaleeman (eneabbaleeman),4
963,northtumbulgumtweedheads (northtumbulgumtweedheads),4
1256,thespitmooloolaba (thespitmooloolaba),4
461,fairymeadowwollongong (fairymeadowwollongong),4
945,normangardensrockhampton (normangardensrockhampton),4
644,kadathinnithreesprings (kadathinnithreesprings),4
506,gladstoneharbourgladstone (gladstoneharbourgladstone),4
1091,robinvaleirrigationdistrictsectioncrobinvale (robinvaleirrigationdistrictsectioncrobinvale),4
890,mowbraylaunceston (mowbraylaunceston),4
891,mowbrayoakbeach (mowbrayoakbeach),4
278,charlemontgeelong (charlemontgeelong),4
1286,tuggerahcentralcoast (tuggerahcentralcoast),4
893,mudjimbasunshinecoast (mudjimbasunshinecoast),4
1282,traralgoneasttraralgon (traralgoneasttraralgon),4
173,bonvillebonville-east (bonvillebonville-east),4
167,bombowleetumut (bombowleetumut),4
1280,towradgiwollongong (towradgiwollongong),4
1107,rosslynyeppoon (rosslynyeppoon),4
897,murchisoneastmurchison (murchisoneastmurchison),4
650,kanahookawollongong (kanahookawollongong),4
1375,westernovalroyalpark (westernovalroyalpark),4
756,lowernortonhorsham (lowernortonhorsham),4
398,drummondnorthmalmsbury (drummondnorthmalmsbury),4
127,benandarahlongbeach (benandarahlongbeach),4
559,hamiltonnewcastle (hamiltonnewcastle),4
165,bomaderrynowra-bomaderry (bomaderrynowra-bomaderry),4
1196,stockleighloganvillage (stockleighloganvillage),4
1304,upperoraracoffsharbour (upperoraracoffsharbour),4
72,backvalleyvictorharbor-goolwa (backvalleyvictorharbor-goolwa),4
136,beswickcreekbarunga (beswickcreekbarunga),4
138,bexhillrichmondhill (bexhillrichmondhill),4
139,bexleylondon (bexleylondon),4
23,aeroglencairns (aeroglencairns),4
1217,taabingakingaroy (taabingakingaroy),4
271,cavesbeachnewcastle (cavesbeachnewcastle),4
753,lowerchitteringlowerchitteringvalley (lowerchitteringlowerchitteringvalley),4
694,kotaranewcastle (kotaranewcastle),4
749,longfordsale (longfordsale),4
1300,undoolyaalicesprings (undoolyaalicesprings),4
855,moonyoonookageraldton (moonyoonookageraldton),4
856,moorakmountgambier (moorakmountgambier),4
561,hamiltonsouthnewcastle (hamiltonsouthnewcastle),4
746,londriganeldorado (londriganeldorado),3
761,macalisterrangecairns (macalisterrangecairns),3
711,lakeillawarrawollongong (lakeillawarrawollongong),3
705,lagrangebidyadanga(lagrange) (lagrangebidyadanga(lagrange)),3
717,lakemunmorahcentralcoast (lakemunmorahcentralcoast),3
762,machansbeachcairns (machansbeachcairns),3
741,littlemountainsunshinecoast (littlemountainsunshinecoast),3
1060,queanbeyanwestqueanbeyan (queanbeyanwestqueanbeyan),3
773,maioricampania (maioricampania),3
1082,richmondmackay (richmondmackay),3
1099,romalazio (romalazio),3
1120,sandbarsmithslake (sandbarsmithslake),3
1121,sandhurstsoutheast (sandhurstsoutheast),3
1125,sawtellcoffsharbour (sawtellcoffsharbour),3
1146,skibocamperdown (skibocamperdown),3
1161,southeastnanangonanango (southeastnanangonanango),3
1180,spencerparkalbany (spencerparkalbany),3
1183,springflatmudgee (springflatmudgee),3
1190,stewartonblackwater (stewartonblackwater),3
1191,stewartsmountbathurst (stewartsmountbathurst),3
1223,tanawhasunshinecoast (tanawhasunshinecoast),3
1235,tawongasouthmountbeauty-tawongasouth (tawongasouthmountbeauty-tawongasouth),3
1261,thurgoonaalbury (thurgoonaalbury),3
1270,toorminacoffsharbour (toorminacoffsharbour),3
1293,turnersbeachulverstone (turnersbeachulverstone),3
1299,unanderrawollongong (unanderrawollongong),3
1305,uraidlauraidla-summertown (uraidlauraidla-summertown),3
1334,wandinageraldton (wandinageraldton),3
1351,warudastkirribilli (warudastkirribilli),3
1365,wesburnyarrajunction-wesburn (wesburnyarrajunction-wesburn),3
1391,whitbymundijong (whitbymundijong),3
1395,whitesvalleyaldinga (whitesvalleyaldinga),3
1399,wickhamnewcastle (wickhamnewcastle),3
1403,willowswillowsgemfields (willowswillowsgemfields),3
1406,wiltonngukurr (wiltonngukurr),3
1415,wongawilliwollongong (wongawilliwollongong),3
1423,woongarrabundaberg (woongarrabundaberg),3
1425,woononawollongong (woononawollongong),3
1428,woreecairns (woreecairns),3
1094,rockycapesistersbeach (rockycapesistersbeach),3
1070,rathminesnewcastle (rathminesnewcastle),3
774,malebellingyork (malebellingyork),3
1058,prevellygnarabup-prevelly (prevellygnarabup-prevelly),3
779,mangaloreavenel (mangaloreavenel),3
786,marinnajunee (marinnajunee),3
792,martinsvillemorisset-cooranbong (martinsvillemorisset-cooranbong),3
808,meltonwestmelton (meltonwestmelton),3
816,meroomeadownowra-bomaderry (meroomeadownowra-bomaderry),3
828,minersrestballarat (minersrestballarat),3
830,minnamurrakiama (minnamurrakiama),3
834,mirimbahmountbuller (mirimbahmountbuller),3
840,moffatdalecherbourg (moffatdalecherbourg),3
844,monashberri (monashberri),3
850,moolapgeelong (moolapgeelong),3
857,moorongwaggawagga (moorongwaggawagga),3
896,mullumbimbycreekmullumbimby (mullumbimbycreekmullumbimby),3
916,neikaferntree (neikaferntree),3
926,newlambtonnewcastle (newlambtonnewcastle),3
930,newsteadlaunceston (newsteadlaunceston),3
962,northtoowoombatoowoomba (northtoowoombatoowoomba),3
972,nulkabacessnock (nulkabacessnock),3
977,oakbankbalhannah (oakbankbalhannah),3
978,oakflatswollongong (oakflatswollongong),3
1007,parklandsnambour (parklandsnambour),3
1008,parmaemiliaromagna (parmaemiliaromagna),3
1017,pelicannewcastle (pelicannewcastle),3
1021,peregianbeachsunshinecoast (peregianbeachsunshinecoast),3
1035,pointleoshoreham (pointleoshoreham),3
1046,portkemblawollongong (portkemblawollongong),3
1047,portlandportland(vic.) (portlandportland(vic.)),3
1050,portpiriesouthportpirie (portpiriesouthportpirie),3
1056,praianocampania (praianocampania),3
693,kororacoffsharbour (kororacoffsharbour),3
1452,yugarsamfordvalley-highvale (yugarsamfordvalley-highvale),3
130,benowagoldcoast (benowagoldcoast),3
63,avalongeelong (avalongeelong),3
77,baldknobmooloolah (baldknobmooloolah),3
436,eglintonbathurst (eglintonbathurst),3
424,easttoowoombatoowoomba (easttoowoombatoowoomba),3
423,easttamworthtamworth (easttamworthtamworth),3
422,eastsidealicesprings (eastsidealicesprings),3
420,eastlismorelismore (eastlismorelismore),3
417,eastgosfordcentralcoast (eastgosfordcentralcoast),3
588,hightongeelong (hightongeelong),3
415,eastdevonportdevonport (eastdevonportdevonport),3
589,hilldeneseymour (hilldeneseymour),3
413,eastcorrimalwollongong (eastcorrimalwollongong),3
180,bouddicentralcoast (bouddicentralcoast),3
409,eastballinaballina (eastballinaballina),3
162,bohleplainstownsville (bohleplainstownsville),3
408,eastbairnsdalebairnsdale (eastbairnsdalebairnsdale),3
406,eastalburyalbury (eastalburyalbury),3
595,hollywellgoldcoast (hollywellgoldcoast),3
396,drouinsouthdrouin (drouinsouthdrouin),3
394,draytontoowoomba (draytontoowoomba),3
62,australindbunbury (australindbunbury),3
57,ashmoregoldcoast (ashmoregoldcoast),3
389,dondevonport (dondevonport),3
53,aroonasunshinecoast (aroonasunshinecoast),3
379,diamondvalestanthorpe (diamondvalestanthorpe),3
200,brokewalpole (brokewalpole),3
366,darlingheightstoowoomba (darlingheightstoowoomba),3
568,hassanswallslithgow (hassanswallslithgow),3
161,boeillcreekmildura (boeillcreekmildura),3
628,jardeemanjimup (jardeemanjimup),3
533,greatsandystraitherveybay (greatsandystraitherveybay),3
119,bellposthillgeelong (bellposthillgeelong),3
494,gelorupbunbury (gelorupbunbury),3
122,belmontgeelong (belmontgeelong),3
123,belmontnewcastle (belmontnewcastle),3
487,gatewaygreenvalleyranchdenver (gatewaygreenvalleyranchdenver),3
484,fyansfordgeelong (fyansfordgeelong),3
480,forsternsw (forsternsw),3
520,goldengullybendigo (goldengullybendigo),3
521,goldenpointballarat (goldenpointballarat),3
479,flynnalicesprings (flynnalicesprings),3
134,berryparkhinton (berryparkhinton),3
532,grahamvaleshepparton-mooroopna (grahamvaleshepparton-mooroopna),3
144,billinudgeloceanshores (billinudgeloceanshores),3
79,balladongyork (balladongyork),3
466,fennellbaynewcastle (fennellbaynewcastle),3
148,birtinyasunshinecoast (birtinyasunshinecoast),3
545,gulfofcarpentariamapoon (gulfofcarpentariamapoon),3
154,bliblisunshinecoast (bliblisunshinecoast),3
551,guyshillbeaconsfieldupper (guyshillbeaconsfieldupper),3
456,evanstonsouthgawler (evanstonsouthgawler),3
455,evanstongawler (evanstongawler),3
451,eurekaballarat (eurekaballarat),3
159,boambeecoffsharbour (boambeecoffsharbour),3
446,epsombendigo (epsombendigo),3
563,hardenharden-murrumburrah (hardenharden-murrumburrah),3
83,ballastheadamericanriver (ballastheadamericanriver),3
622,islandbeachkangarooisland (islandbeachkangarooisland),3
505,gladstonecentralgladstone (gladstonecentralgladstone),3
238,callaghannewcastle (callaghannewcastle),3
221,burleighwatersgoldcoast (burleighwatersgoldcoast),3
312,condontownsville (condontownsville),3
264,carringtonatherton (carringtonatherton),3
37,aloombagordonvale (aloombagordonvale),3
262,carltonriverdodgesferry-lewisham (carltonriverdodgesferry-lewisham),3
679,kingscrubdayboro (kingscrubdayboro),3
225,burramineyarrawonga (burramineyarrawonga),3
229,bushlandbeachtownsville (bushlandbeachtownsville),3
295,clearislandwatersgoldcoast (clearislandwatersgoldcoast),3
651,kangarooflatbendigo (kangarooflatbendigo),3
674,kincumbercentralcoast (kincumbercentralcoast),3
235,calderwoodwollongong (calderwoodwollongong),3
241,camballinlooma (camballinlooma),3
290,chitteringlowerchitteringvalley (chitteringlowerchitteringvalley),3
255,cardiffnewcastle (cardiffnewcastle),3
15,9oter (9oter),3
285,chelmsfordeast (chelmsfordeast),3
237,californiagullybendigo (californiagullybendigo),3
151,blacksmithsnewcastle (blacksmithsnewcastle),2
943,noravillecentralcoast (noravillecentralcoast),2
146,birdlandneighborssunnyvale (birdlandneighborssunnyvale),2
1134,shannonvalemossman (shannonvalemossman),2
967,northwardtownsville (northwardtownsville),2
286,chelseamanhattan (chelseamanhattan),2
463,farnboroughsoutheast (farnboroughsoutheast),2
1294,twinwaterssunshinecoast (twinwaterssunshinecoast),2
1189,stapyltongoldcoast (stapyltongoldcoast),2
1133,severnleastanthorpe (severnleastanthorpe),2
156,bluebaycentralcoast (bluebaycentralcoast),2
1184,springgullybendigo (springgullybendigo),2
1130,seacombegoldenbeach-paradisebeach (seacombegoldenbeach-paradisebeach),2
160,boambeeeastcoffsharbour (boambeeeastcoffsharbour),2
240,caloundrawestsunshinecoast (caloundrawestsunshinecoast),2
277,charbonkandos (charbonkandos),2
958,northrichmondrichmondnorth (northrichmondrichmondnorth),2
158,blythewoodpinjarra (blythewoodpinjarra),2
1186,stalbansparkgeelong (stalbansparkgeelong),2
1135,shellcovewollongong (shellcovewollongong),2
219,burgesyork (burgesyork),2
1182,springdaleheightsalbury (springdaleheightsalbury),2
126,belviderewillyaroo (belviderewillyaroo),2
1154,sommavesuvianacampania (sommavesuvianacampania),2
1169,southlauncestonlaunceston (southlauncestonlaunceston),2
915,nauiyunauiyunambiyu(dalyriver) (nauiyunauiyunambiyu(dalyriver)),2
913,narrungmilang (narrungmilang),2
910,nararacentralcoast (nararacentralcoast),2
909,napolicampania (napolicampania),2
906,nalyappamoonta (nalyappamoonta),2
469,ferodaleraymondterrace (ferodaleraymondterrace),2
124,belmontnorthnewcastle (belmontnorthnewcastle),2
257,cardigancardiganvillage (cardigancardiganvillage),2
1167,southkempseykempsey (southkempseykempsey),2
900,murraydownsswanhill (murraydownsswanhill),2
898,murraybridgeeastmurraybridge (murraybridgeeastmurraybridge),2
895,mullingarkalgoorlie-boulder (mullingarkalgoorlie-boulder),2
1314,vaughanontario (vaughanontario),2
258,cardiganwales (cardiganwales),2
1170,southlismorelismore (southlismorelismore),2
259,careybaynewcastle (careybaynewcastle),2
1174,southsidegympie (southsidegympie),2
922,newcombgeelong (newcombgeelong),2
1313,vassebusselton (vassebusselton),2
924,newingtonballarat (newingtonballarat),2
129,bennettsgreennewcastle (bennettsgreennewcastle),2
929,newnhamlaunceston (newnhamlaunceston),2
931,newtowngeelong (newtowngeelong),2
1307,urraweenherveybay (urraweenherveybay),2
935,no6branchsouthjohnstone (no6branchsouthjohnstone),2
135,berserkerrockhampton (berserkerrockhampton),2
1142,siestaparkbusselton (siestaparkbusselton),2
142,bilambilheightstweedheads (bilambilheightstweedheads),2
287,chewtoncastlemaine (chewtoncastlemaine),2
938,noorindoosurat (noorindoosurat),2
166,bombokiama (bombokiama),2
163,bokarinasunshinecoast (bokarinasunshinecoast),2
1233,tarringtonhamilton (tarringtonhamilton),2
1031,plentynewnorfolk (plentynewnorfolk),2
1214,suttontownmountgambier (suttontownmountgambier),2
1246,theesplanadehuonville (theesplanadehuonville),2
320,cooloolabinyandina (cooloolabinyandina),2
1086,riversidehorsham (riversidehorsham),2
1039,pompeicampania (pompeicampania),2
1041,portaugustawestportaugusta (portaugustawestportaugusta),2
376,delacombeballarat (delacombeballarat),2
203,broomehilleastbroomehillvillage (broomehilleastbroomehillvillage),2
1216,swanseanewcastle (swanseanewcastle),2
1084,ripplesidegeelong (ripplesidegeelong),2
1051,portpiriewestportpirie (portpiriewestportpirie),2
356,cygnetriverkingscote (cygnetriverkingscote),2
354,currumbinwatersgoldcoast (currumbinwatersgoldcoast),2
384,djirumissionbeach (djirumissionbeach),2
350,currencycreekvictorharbor-goolwa (currencycreekvictorharbor-goolwa),2
347,cudmirrahberrara-cudmirrah (cudmirrahberrara-cudmirrah),2
346,cudgeracreekpottsville (cudgeracreekpottsville),2
1231,tarlogoulburn (tarlogoulburn),2
345,croomwollongong (croomwollongong),2
1064,quoibadevonport (quoibadevonport),2
1225,tarampalowood (tarampalowood),2
338,craferswestcrafers-bridgewater (craferswestcrafers-bridgewater),2
1072,ravenswoodlaunceston (ravenswoodlaunceston),2
690,kooragangnewcastle (kooragangnewcastle),2
337,coxpeninsulawagaitbeach-mandorah (coxpeninsulawagaitbeach-mandorah),2
1077,relbialaunceston (relbialaunceston),2
1079,renmarksouthrenmark (renmarksouthrenmark),2
1250,thejunctionnewcastle (thejunctionnewcastle),2
1028,pinbarrencooran (pinbarrencooran),2
970,norwoodlaunceston (norwoodlaunceston),2
228,burrupdampier (burrupdampier),2
1220,tallaigoldcoast (tallaigoldcoast),2
1116,salernocampania (salernocampania),2
1193,stgeorgesbasinstgeorgesbasin-sanctuarypoint (stgeorgesbasinstgeorgesbasin-sanctuarypoint),2
1194,stirlingnorthportaugusta (stirlingnorthportaugusta),2
980,obiobiflaxton (obiobiflaxton),2
981,oceangroveoceangrove-barwonheads (oceangroveoceangrove-barwonheads),2
421,eastmackaymackay (eastmackaymackay),2
1195,stleonardslaunceston (stleonardslaunceston),2
984,oldjuneejunee (oldjuneejunee),2
170,bongareebongaree-woorim (bongareebongaree-woorim),2
419,eastlauncestonlaunceston (eastlauncestonlaunceston),2
298,cliftonwollongong (cliftonwollongong),2
414,eastdeepcreekgympie (eastdeepcreekgympie),2
1202,strathkellarhamilton (strathkellarhamilton),2
1026,piggabeengoldcoast (piggabeengoldcoast),2
995,ovensmyrtleford (ovensmyrtleford),2
227,burrundullamudgee (burrundullamudgee),2
186,bracalbadelaneyscreek (bracalbadelaneyscreek),2
224,burradoobowral-mittagong (burradoobowral-mittagong),2
1207,sunrisebeachsunshinecoast (sunrisebeachsunshinecoast),2
405,eaglehawkbendigo (eaglehawkbendigo),2
311,condongmurwillumbah (condongmurwillumbah),2
314,conistonwollongong (conistonwollongong),2
115,bellarabongaree-woorim (bellarabongaree-woorim),2
1015,peeramonmalanda (peeramonmalanda),2
1016,pelawmainkurrikurri-weston (pelawmainkurrikurri-weston),2
1019,pembertonbritishcolumbia (pembertonbritishcolumbia),2
1213,susanriversunshineacres (susanriversunshineacres),2
1260,thrumsterportmacquarie (thrumsterportmacquarie),2
1073,redanballarat (redanballarat),2
626,jackitupgnowangerup (jackitupgnowangerup),2
732,leithulverstone (leithulverstone),2
665,kenningtonbendigo (kenningtonbendigo),2
727,laurietoncamdenhaven (laurietoncamdenhaven),2
606,improvementdistrictno.12jasperparkalberta (improvementdistrictno.12jasperparkalberta),2
725,larapintaalicesprings (larapintaalicesprings),2
1364,werebolderatumut (werebolderatumut),2
565,harristowntoowoomba (harristowntoowoomba),2
829,miniginnarrogin (miniginnarrogin),2
564,hardysbaycentralcoast (hardysbaycentralcoast),2
832,minyirrbroome (minyirrbroome),2
85,balnarringbeachbalnarring-balnarringbeach (balnarringbeachbalnarring-balnarringbeach),2
556,haigsleamarburg (haigsleamarburg),2
1394,whiterockbathurst (whiterockbathurst),2
554,habanamackay (habanamackay),2
671,killcarecentralcoast (killcarecentralcoast),2
672,killingworthyea (killingworthyea),2
87,bandycreekesperance (bandycreekesperance),2
841,molendinargoldcoast (molendinargoldcoast),2
612,inskiprainbowbeach (inskiprainbowbeach),2
548,gunbalanyagunbalanya(oenpelli) (gunbalanyagunbalanya(oenpelli)),2
744,lockiermingenew (lockiermingenew),2
718,lakeninanwonganhills (lakeninanwonganhills),2
716,lakemanchestermountnebo (lakemanchestermountnebo),2
89,banksiabeachbongaree-woorim (banksiabeachbongaree-woorim),2
1405,wilsontontoowoomba (wilsontontoowoomba),2
574,heatherbraeraymondterrace (heatherbraeraymondterrace),2
849,mooballburringbar (mooballburringbar),2
30,albionparkwollongong (albionparkwollongong),2
1385,westtoodyaytoodyay (westtoodyaytoodyay),2
747,lonesomecreektheodore (lonesomecreektheodore),2
38,alpinecolovale (alpinecolovale),2
1384,westtamworthtamworth (westtamworthtamworth),2
1381,westnowranowra-bomaderry (westnowranowra-bomaderry),2
791,marshallmountwollongong (marshallmountwollongong),2
603,ikewamingenew (ikewamingenew),2
1380,westmackaymackay (westmackaymackay),2
648,kalgoorliekalgoorlie-boulder (kalgoorliekalgoorlie-boulder),2
39,amalficampania (amalficampania),2
35,allowaybundaberg (allowaybundaberg),2
1378,westkempseykempsey (westkempseykempsey),2
65,aveleyellenbrook (aveleyellenbrook),2
1376,westgladstonegladstone (westgladstonegladstone),2
56,ashmontwaggawagga (ashmontwaggawagga),2
33,alisonjilliby (alisonjilliby),2
809,menahmudgee (menahmudgee),2
657,karlkurlakalgoorlie-boulder (karlkurlakalgoorlie-boulder),2
811,meridanplainssunshinecoast (meridanplainssunshinecoast),2
812,merimbulapambula (merimbulapambula),2
658,katarapkoloxton (katarapkoloxton),2
586,highlandparkgoldcoast (highlandparkgoldcoast),2
583,herveyrangealiceriver (herveyrangealiceriver),2
675,kincumbersouthcentralcoast (kincumbersouthcentralcoast),2
88,banffalberta (banffalberta),2
757,loyyangtraralgon (loyyangtraralgon),2
51,armatreegulargambone (armatreegulargambone),2
523,goolwabeachvictorharbor-goolwa (goolwabeachvictorharbor-goolwa),2
1345,warillawollongong (warillawollongong),2
872,mounthelenballarat (mounthelenballarat),2
98,barrackheightswollongong (barrackheightswollongong),2
634,jervoistailembend (jervoistailembend),2
1400,wilbingawoodridgeestate (wilbingawoodridgeestate),2
1443,yarranleapittsworth (yarranleapittsworth),2
1341,waranasunshinecoast (waranasunshinecoast),2
631,jenningswallangarra (jenningswallangarra),2
1446,yeltadareton (yeltadareton),2
49,arcadiavalenewcastle (arcadiavalenewcastle),2
630,jellatjellatkalaru (jellatjellatkalaru),2
1449,yippincreekwauchope (yippincreekwauchope),2
1408,windangwollongong (windangwollongong),2
697,kunparrkapapunya (kunparrkapapunya),2
884,mountrooperairliebeach-cannonvale (mountrooperairliebeach-cannonvale),2
109,beaconsfieldmackay (beaconsfieldmackay),2
511,glenfieldgeraldton (glenfieldgeraldton),2
509,glendalenewcastle (glendalenewcastle),2
1451,yorkleacasino (yorkleacasino),2
112,beescreekhumptydoo (beescreekhumptydoo),2
867,mountclearballarat (mountclearballarat),2
518,gnarabupgnarabup-prevelly (gnarabupgnarabup-prevelly),2
1398,whyallanorriewhyalla (whyallanorriewhyalla),2
862,morissetmorisset-cooranbong (morissetmorisset-cooranbong),2
18,aberdeendevonport (aberdeendevonport),2
852,mooloolahvalleymooloolah (mooloolahvalleymooloolah),2
758,lucknowbairnsdale (lucknowbairnsdale),2
712,lakeinneslakecathie (lakeinneslakecathie),2
854,moontaminesmoonta (moontaminesmoonta),2
1438,yallahwollongong (yallahwollongong),2
534,greenleighqueanbeyan (greenleighqueanbeyan),2
859,morandingkilmore (morandingkilmore),2
759,ludlowbusselton (ludlowbusselton),2
708,lakebungalakesentrance (lakebungalakesentrance),2
780,manundacairns (manundacairns),2
1418,woodhillcedarvale (woodhillcedarvale),2
864,mortonscreekbeechwood (mortonscreekbeechwood),2
525,goolwasouthvictorharbor-goolwa (goolwasouthvictorharbor-goolwa),2
615,ironbankcrafers-bridgewater (ironbankcrafers-bridgewater),2
1397,whittingtongeelong (whittingtongeelong),2
1219,takuraherveybay (takuraherveybay),1
46,applethorpestanthorpe (applethorpestanthorpe),1
1411,wiseleighbruthen (wiseleighbruthen),1
1215,swanseaheadsnewcastle (swanseaheadsnewcastle),1
1417,wonglepongboyland (wonglepongboyland),1
41,anconamarche (anconamarche),1
43,angledaletarraganda (angledaletarraganda),1
218,buninyongvicaustralia (buninyongvicaustralia),1
214,bundabergcentralbundaberg (bundabergcentralbundaberg),1
1414,wongawallangoldcoast (wongawallangoldcoast),1
216,bungaloratweedheads (bungaloratweedheads),1
1413,womardenthreesprings (womardenthreesprings),1
42,andergrovemackay (andergrovemackay),1
1226,taranganbayeppoon (taranganbayeppoon),1
1230,tarcoolabeachgeraldton (tarcoolabeachgeraldton),1
1409,windellansw (windellansw),1
212,bullaburrabluemountains (bullaburrabluemountains),1
1229,tarbanwallangarra (tarbanwallangarra),1
1228,tarashallhotelechucavic. (tarashallhotelechucavic.),1
211,buffpointcentralcoast (buffpointcentralcoast),1
40,amityamitypoint (amityamitypoint),1
113,belgiangardenstownsville (belgiangardenstownsville),1
1212,surfsidebatemansbay (surfsidebatemansbay),1
1442,yarrajunctionyarrajunction-wesburn (yarrajunctionyarrajunction-wesburn),1
1181,springcreekorange (springcreekorange),1
245,campbellscreekcastlemaine (campbellscreekcastlemaine),1
246,campcreeksouthjohnstone (campcreeksouthjohnstone),1
1178,southtreesgladstone (southtreesgladstone),1
1177,southtownsvilletownsville (southtownsvilletownsville),1
1440,yalyalupbusselton (yalyalupbusselton),1
1176,southtoowoombatoowoomba (southtoowoombatoowoomba),1
1175,southtamworthtamworth (southtamworthtamworth),1
1441,yaroombasunshinecoast (yaroombasunshinecoast),1
248,cannonvaleairliebeach-cannonvale (cannonvaleairliebeach-cannonvale),1
222,burlongnortham (burlongnortham),1
1172,southnanangonanango (southnanangonanango),1
1444,yarravelkempsey (yarravelkempsey),1
249,cannonvalleyairliebeach-cannonvale (cannonvalleyairliebeach-cannonvale),1
17,aberdarecessnock (aberdarecessnock),1
1447,yeocolac (yeocolac),1
16,abbotshamgawler (abbotshamgawler),1
1168,southkolanbundaberg (southkolanbundaberg),1
1166,southhedlandporthedland (southhedlandporthedland),1
1165,southgundagaigundagai (southgundagaigundagai),1
1439,yallournmoe-newborough (yallournmoe-newborough),1
244,camdenheadcamdenhaven (camdenheadcamdenhaven),1
20,adamstownheightsnewcastle (adamstownheightsnewcastle),1
243,camdaleburnie-somerset (camdaleburnie-somerset),1
223,burnsidenambour (burnsidenambour),1
1209,sunshinebaybatemansbay (sunshinebaybatemansbay),1
1208,sunsetbeachgeraldton (sunsetbeachgeraldton),1
1420,woodwarkairliebeach-cannonvale (woodwarkairliebeach-cannonvale),1
1422,woondumgympie (woondumgympie),1
1206,sunnymeadebeachaireysinlet (sunnymeadebeachaireysinlet),1
1424,woongarrahcentralcoast (woongarrahcentralcoast),1
1426,wooriyallockwooriyallock-launchingplace (wooriyallockwooriyallock-launchingplace),1
1200,stowportburnie-somerset (stowportburnie-somerset),1
1198,stoneleighpittsworth (stoneleighpittsworth),1
234,cairnsnorthcairns (cairnsnorthcairns),1
28,akaroastieglitz (akaroastieglitz),1
27,aitkenvaletownsville (aitkenvaletownsville),1
1431,worrolongmountgambier (worrolongmountgambier),1
24,agerolacampania (agerolacampania),1
21,adamstownnewcastle (adamstownnewcastle),1
1434,wulgurutownsville (wulgurutownsville),1
1435,wuulumanwellington (wuulumanwellington),1
1188,stapletondenver (stapletondenver),1
1430,worrigeenowra-bomaderry (worrigeenowra-bomaderry),1
1251,theminemountmorgan (theminemountmorgan),1
208,bucklandparktwowells (bucklandparktwowells),1
1369,westbeachesperance (westbeachesperance),1
1349,warraltamworth (warraltamworth),1
94,barkercreekflatnanango (barkercreekflatnanango),1
93,bargarabargara-innespark (bargarabargara-innespark),1
145,bingieturosshead (bingieturosshead),1
92,barbeachnewcastle (barbeachnewcastle),1
1353,watanobbicentralcoast (watanobbicentralcoast),1
91,baranod'ischiacampania (baranod'ischiacampania),1
150,blackrockingham (blackrockingham),1
152,blackstoneheightslaunceston (blackstoneheightslaunceston),1
153,bletchleystrathalbyn (bletchleystrathalbyn),1
1357,waywayscottshead (waywayscottshead),1
1291,tuncurryforster-tuncurry (tuncurryforster-tuncurry),1
1290,tumbiumbicentralcoast (tumbiumbicentralcoast),1
1359,wellesleyislandsgununa (wellesleyislandsgununa),1
1288,tulkaportlincoln (tulkaportlincoln),1
1361,welsbybongaree-woorim (welsbybongaree-woorim),1
1285,trinityrivergreenbeltparkdallas (trinityrivergreenbeltparkdallas),1
1366,westalburyalbury (westalburyalbury),1
76,bakeryhillballarat (bakeryhillballarat),1
1281,towranggoulburn (towranggoulburn),1
164,bolongnowra-bomaderry (bolongnowra-bomaderry),1
75,bagshotsoutheast (bagshotsoutheast),1
1278,towncommontownsville (towncommontownsville),1
95,barkerscreekcastlemaine (barkerscreekcastlemaine),1
133,berraraberrara-cudmirrah (berraraberrara-cudmirrah),1
96,barmaryeeyeppoon (barmaryeeyeppoon),1
105,bathumiyarrawonga (bathumiyarrawonga),1
1328,wallacemanitoba (wallacemanitoba),1
110,beechergladstone (beechergladstone),1
1326,wagstaffecentralcoast (wagstaffecentralcoast),1
1324,wadalbacentralcoast (wadalbacentralcoast),1
1335,wandinvic (wandinvic),1
1322,vicoequensecampania (vicoequensecampania),1
107,bauplebaupleforest (bauplebaupleforest),1
106,batteryhillsunshinecoast (batteryhillsunshinecoast),1
125,belmontsouthnewcastle (belmontsouthnewcastle),1
1338,wangandarywangaratta (wangandarywangaratta),1
102,basscoronetbay (basscoronetbay),1
1308,uxbridgeontario (uxbridgeontario),1
1318,veresdalegleneagle (veresdalegleneagle),1
1317,verduncrafers-bridgewater (verduncrafers-bridgewater),1
1316,verbaniapiedmont (verbaniapiedmont),1
1342,warangashoresrushworth (warangashoresrushworth),1
99,barrackpointwollongong (barrackpointwollongong),1
1315,vectishorsham (vectishorsham),1
97,barneypointgladstone (barneypointgladstone),1
128,bendolbadungog (bendolbadungog),1
1311,vancouverpeninsulalittlegrove (vancouverpeninsulalittlegrove),1
251,cantonbeachcentralcoast (cantonbeachcentralcoast),1
168,bondoolayeppoon (bondoolayeppoon),1
74,bagshotbendigo (bagshotbendigo),1
1404,willungasouthwillunga (willungasouthwillunga),1
71,backbayboston (backbayboston),1
1255,theridgewayqueanbeyan (theridgewayqueanbeyan),1
1254,theresaparkcobbitty (theresaparkcobbitty),1
1253,therangeskarratha (therangeskarratha),1
1252,theparksregencypark (theparksregencypark),1
117,bellbaygeorgetown (bellbaygeorgetown),1
1392,whitebridgenewcastle (whitebridgenewcastle),1
1393,whitehillsbendigo (whitehillsbendigo),1
1249,thehillnewcastle (thehillnewcastle),1
1248,thegurdiespioneerbay (thegurdiespioneerbay),1
199,brockmancarnarvon (brockmancarnarvon),1
52,armstrongcreekdayboro (armstrongcreekdayboro),1
1245,theentrancenorthcentralcoast (theentrancenorthcentralcoast),1
1243,thedawngympie (thedawngympie),1
201,bromeltonbeaudesert (bromeltonbeaudesert),1
204,broomekimberley&beyond (broomekimberley&beyond),1
1239,terranoratweedheads (terranoratweedheads),1
1401,willbriggiedarlingtonpoint (willbriggiedarlingtonpoint),1
205,brownhillballarat (brownhillballarat),1
206,brownlowhillcobbitty (brownlowhillcobbitty),1
1236,tennysonglossodia (tennysonglossodia),1
207,buckarooputtabucca-bombira (buckarooputtabucca-bombira),1
48,araluengympie (araluengympie),1
1234,tattersallsnewmarket (tattersallsnewmarket),1
54,arrinothreesprings (arrinothreesprings),1
196,broadlandseaglepoint (broadlandseaglepoint),1
1257,thevinesellenbrook (thevinesellenbrook),1
187,braemarbowral-mittagong (braemarbowral-mittagong),1
70,babbageislandcarnarvon (babbageislandcarnarvon),1
69,aylmertonbowral-mittagong (aylmertonbowral-mittagong),1
68,avonwollongong (avonwollongong),1
171,bonnellsbaymorisset-cooranbong (bonnellsbaymorisset-cooranbong),1
174,boodarieporthedland (boodarieporthedland),1
66,avenellheightsbundaberg (avenellheightsbundaberg),1
177,booragulnewcastle (booragulnewcastle),1
182,bowesnorthampton (bowesnorthampton),1
185,boyneislandtannumsands-boyneisland (boyneislandtannumsands-boyneisland),1
1269,tolgatolga-west (tolgatolga-west),1
1266,tionaelizabethbeach (tionaelizabethbeach),1
192,bridgenorthgrindelwald (bridgenorthgrindelwald),1
1382,westpingellypingelly (westpingellypingelly),1
1383,westpinjarrapinjarra (westpinjarrapinjarra),1
188,braitlingalicesprings (braitlingalicesprings),1
1264,timbumburikingswood (timbumburikingswood),1
1263,tilligerrycreeksaltash (tilligerrycreeksaltash),1
1386,westulverstoneulverstone (westulverstoneulverstone),1
190,braunstonecouttscrossing (braunstonecouttscrossing),1
191,breakwatergeelong (breakwatergeelong),1
1389,westwollongongwollongong (westwollongongwollongong),1
1259,thomsongeelong (thomsongeelong),1
1164,southgraftongrafton (southgraftongrafton),1
691,koorainghatrainbowflat (koorainghatrainbowflat),1
1162,southernmoretonbayislandsjacobswell (southernmoretonbayislandsjacobswell),1
475,fivepointsdenver (fivepointsdenver),1
562,hamlynheightsgeelong (hamlynheightsgeelong),1
560,hamiltonplainsproserpine (hamiltonplainsproserpine),1
838,moaislandstpauls (moaislandstpauls),1
552,gwandalansummerlandpoint-gwandalan (gwandalansummerlandpoint-gwandalan),1
550,gurragurraberri (gurragurraberri),1
845,monklandgympie (monklandgympie),1
547,gummascottshead (gummascottshead),1
847,montelloburnie-somerset (montelloburnie-somerset),1
543,guerillabaytomakin (guerillabaytomakin),1
542,guanabamountnathan (guanabamountnathan),1
538,gresfordwales (gresfordwales),1
535,greenmountwalkerston (greenmountwalkerston),1
528,gormanshillbathurst (gormanshillbathurst),1
861,morgantowncarnarvon (morgantowncarnarvon),1
863,morningtonmountisa (morningtonmountisa),1
833,miramaralbany (miramaralbany),1
831,minoricampania (minoricampania),1
827,millbridgebunbury (millbridgebunbury),1
587,highstreetrandwick (highstreetrandwick),1
803,mcleodsshootewingsdale (mcleodsshootewingsdale),1
804,mcminnslagoonhumptydoo (mcminnslagoonhumptydoo),1
805,medalombardia (medalombardia),1
591,hindmarshislandvictorharbor-goolwa (hindmarshislandvictorharbor-goolwa),1
590,hilliergawler (hilliergawler),1
813,merislandmer(murray)island (merislandmer(murray)island),1
579,hermitparktownsville (hermitparktownsville),1
569,hatfieldeast (hatfieldeast),1
818,merricksbeachbalnarring-balnarringbeach (merricksbeachbalnarring-balnarringbeach),1
577,hepburndaylesford-hepburnsprings (hepburndaylesford-hepburnsprings),1
821,metropetroleumwollongong (metropetroleumwollongong),1
570,havenhorsham (havenhorsham),1
823,middlearmgoulburn (middlearmgoulburn),1
824,middlesexmanjimup (middlesexmanjimup),1
524,goolwanorthvictorharbor-goolwa (goolwanorthvictorharbor-goolwa),1
522,golgolburonga (golgolburonga),1
873,mountjohnsalicesprings (mountjohnsalicesprings),1
911,narngulugeraldton (narngulugeraldton),1
902,murrumburrahharden-murrumburrah (murrumburrahharden-murrumburrah),1
491,gawlerrivergawler (gawlerrivergawler),1
904,myrupesperance (myrupesperance),1
905,myunabaynewcastle (myunabaynewcastle),1
490,gawlereastgawler (gawlereastgawler),1
489,gawlerbeltgawler (gawlerbeltgawler),1
912,narrawalleeulladulla (narrawalleeulladulla),1
899,murraybridgenorthmurraybridge (murraybridgenorthmurraybridge),1
488,gavengoldcoast (gavengoldcoast),1
485,garbutttownsville (garbutttownsville),1
482,fredericksfieldhomehill (fredericksfieldhomehill),1
478,flowerygullybeaconsfield (flowerygullybeaconsfield),1
925,newlambtonheightsnewcastle (newlambtonheightsnewcastle),1
477,flintwales (flintwales),1
901,murraytownsville (murraytownsville),1
496,georgetownnewcastle (georgetownnewcastle),1
516,glenvaletoowoomba (glenvaletoowoomba),1
882,mountpleasantballarat (mountpleasantballarat),1
876,mountkynochbluemountainheights (mountkynochbluemountainheights),1
515,glenroyalbury (glenroyalbury),1
878,mountlouisatownsville (mountlouisatownsville),1
513,glenriddingsingleton (glenriddingsingleton),1
880,mountmellumlandsborough (mountmellumlandsborough),1
881,mountousleywollongong (mountousleywollongong),1
512,glenningvalleycentralcoast (glenningvalleycentralcoast),1
500,gillenalicesprings (gillenalicesprings),1
885,mounttarcoolageraldton (mounttarcoolageraldton),1
507,glastonburythepalms (glastonburythepalms),1
889,mourquongburonga (mourquongburonga),1
504,gladstoneaustralia (gladstoneaustralia),1
502,gilstongoldcoast (gilstongoldcoast),1
501,gillenbahnarrandera (gillenbahnarrandera),1
592,hitachienergyfortitudevalley (hitachienergyfortitudevalley),1
593,holgatecentralcoast (holgatecentralcoast),1
800,mckenziecreekhorsham (mckenziecreekhorsham),1
660,kawanarockhampton (kawanarockhampton),1
669,kiambakureelpa (kiambakureelpa),1
667,kewarrabeachcairns (kewarrabeachcairns),1
666,kensingtongrovekensingtongrove-regencydowns (kensingtongrovekensingtongrove-regencydowns),1
663,kelsobathurst (kelsobathurst),1
662,keiravillewollongong (keiravillewollongong),1
661,kearsleycessnock (kearsleycessnock),1
736,lillipillimaluabay (lillipillimaluabay),1
721,lakewoodcamdenhaven (lakewoodcamdenhaven),1
655,karangicoffsharbour (karangicoffsharbour),1
654,karabarqueanbeyan (karabarqueanbeyan),1
739,linthorpepittsworth (linthorpepittsworth),1
740,lisarowcentralcoast (lisarowcentralcoast),1
653,kapookawaggawagga (kapookawaggawagga),1
742,littlemulgravegoldsborough (littlemulgravegoldsborough),1
722,lakewyangangriffith (lakewyangangriffith),1
677,kingsburyvicaustralia (kingsburyvicaustralia),1
649,kaltukatjarakaltukatjara(dockerriver) (kaltukatjarakaltukatjara(dockerriver)),1
702,lachlannewnorfolk (lachlannewnorfolk),1
695,kulangoornambour (kulangoornambour),1
696,kuluinsunshinecoast (kuluinsunshinecoast),1
688,koonawarrawollongong (koonawarrawollongong),1
686,kokotungobaralaba (kokotungobaralaba),1
685,kioloabawleypoint (kioloabawleypoint),1
684,kinkoragladstone (kinkoragladstone),1
683,kingswoodtamworth (kingswoodtamworth),1
713,lakemacdonaldforestacres (lakemacdonaldforestacres),1
682,kingstononmurraycobdogla (kingstononmurraycobdogla),1
681,kingsmeadowslaunceston (kingsmeadowslaunceston),1
706,lakealbertwaggawagga (lakealbertwaggawagga),1
680,kingsholmegoldcoast (kingsholmegoldcoast),1
709,lakegardensballarat (lakegardensballarat),1
710,lakehavencentralcoast (lakehavencentralcoast),1
652,kanwalcentralcoast (kanwalcentralcoast),1
748,longbeachbatemansbay (longbeachbatemansbay),1
799,mcilwraithgingin (mcilwraithgingin),1
605,illowawarrnambool (illowawarrnambool),1
614,invermayparkballarat (invermayparkballarat),1
781,marbelupalbany (marbelupalbany),1
782,marburghotelqldau (marburghotelqldau),1
610,inglewoodinglewood(vic.) (inglewoodinglewood(vic.)),1
785,mardellamundijong (mardellamundijong),1
607,improvementdistrictno.13elkislandalberta (improvementdistrictno.13elkislandalberta),1
604,ilfordlondon (ilfordlondon),1
618,ironstonepenneshaw (ironstonepenneshaw),1
601,hunterviewsingleton (hunterviewsingleton),1
793,maryboroughmaryborough(vic.) (maryboroughmaryborough(vic.)),1
794,maryvillenewcastle (maryvillenewcastle),1
795,masigislandyorkeisland (masigislandyorkeisland),1
598,horsfieldbaycentralcoast (horsfieldbaycentralcoast),1
797,mayfieldwestnewcastle (mayfieldwestnewcastle),1
777,mandorahwagaitbeach-mandorah (mandorahwagaitbeach-mandorah),1
775,mallabulatanilbabay (mallabulatanilbabay),1
646,kalbeebagawler (kalbeebagawler),1
760,lyrupberri (lyrupberri),1
641,junabeewarwick (junabeewarwick),1
640,jubileepocketairliebeach-cannonvale (jubileepocketairliebeach-cannonvale),1
639,joneshillgympie (joneshillgympie),1
638,jollynosebonnyhills-west (jollynosebonnyhills-west),1
755,lowerinmanvalleyvictorharbor-goolwa (lowerinmanvalleyvictorharbor-goolwa),1
637,jitarningkulin (jitarningkulin),1
764,macmastersbeachcentralcoast (macmastersbeachcentralcoast),1
621,ischiacampania (ischiacampania),1
765,macquariehillsnewcastle (macquariehillsnewcastle),1
767,magranewnorfolk (magranewnorfolk),1
768,maidengullybendigo (maidengullybendigo),1
625,jackassflatbendigo (jackassflatbendigo),1
624,islingtonnewcastle (islingtonnewcastle),1
772,mainstreetdistrictdallas (mainstreetdistrictdallas),1
476,flinderswollongong (flinderswollongong),1
472,fimistonkalgoorlie-boulder (fimistonkalgoorlie-boulder),1
253,carabanwoodridgeestate (carabanwoodridgeestate),1
932,newtownkadina (newtownkadina),1
325,coopersshootbyronbay (coopersshootbyronbay),1
1088,robiganagravellybeach (robiganagravellybeach),1
317,cookshillnewcastle (cookshillnewcastle),1
1090,robinvaleirrigationdistrictsectionbrobinvale (robinvaleirrigationdistrictsectionbrobinvale),1
313,coninghamlowersnug-coningham (coninghamlowersnug-coningham),1
1093,rockvilletoowoomba (rockvilletoowoomba),1
1095,rockymountainhousealberta (rockymountainhousealberta),1
1096,rockypointwongabeach (rockypointwongabeach),1
1097,rockyviewcountyalberta (rockyviewcountyalberta),1
310,collombattikempsey (collombattikempsey),1
1100,rosebrookportfairy (rosebrookportfairy),1
1101,rosedaletomakin (rosedaletomakin),1
1102,rosemountnambour (rosemountnambour),1
1103,roseneathtownsville (roseneathtownsville),1
1104,rosenthalheightswarwick (rosenthalheightswarwick),1
329,cordeauxheightswollongong (cordeauxheightswollongong),1
332,corneytownlithgow (corneytownlithgow),1
334,corringlemarlo (corringlemarlo),1
1066,raleighurunga (raleighurunga),1
355,curticampania (curticampania),1
1055,potteryestatelithgow (potteryestatelithgow),1
1057,prettybeachkioloa (prettybeachkioloa),1
1061,questapartmentswerribee (questapartmentswerribee),1
1063,qunabaslopinghummock (qunabaslopinghummock),1
1065,racecoursemackay (racecoursemackay),1
1067,randwickclovellyrdnrfrenchmansrd(2031103) (randwickclovellyrdnrfrenchmansrd(2031103)),1
1080,renmarkwestrenmark (renmarkwestrenmark),1
344,crohamhurstpeachester (crohamhurstpeachester),1
343,creswicknorthcreswick (creswicknorthcreswick),1
339,craiglieportdouglas-craiglie (craiglieportdouglas-craiglie),1
336,cowirramannum (cowirramannum),1
1076,redlynchcairns (redlynchcairns),1
1078,renmarknorthrenmark (renmarknorthrenmark),1
309,collinspemberton (collinspemberton),1
1106,rossalicesprings (rossalicesprings),1
307,coescreeknambour (coescreeknambour),1
1148,sladepointmackay (sladepointmackay),1
267,castawaysbeachsunshinecoast (castawaysbeachsunshinecoast),1
266,carrscreekgrafton (carrscreekgrafton),1
1141,shorewellparkburnie-somerset (shorewellparkburnie-somerset),1
1143,silverleavescowes (silverleavescowes),1
1144,singletonheightssingleton (singletonheightssingleton),1
261,careyparkbunbury (careyparkbunbury),1
260,careygullyuraidla-summertown (careygullyuraidla-summertown),1
274,chaffeytheatrerenmark (chaffeytheatrerenmark),1
1151,snugelectrona (snugelectrona),1
1152,solomonkimba (solomonkimba),1
1155,sorellcreeknewnorfolk (sorellcreeknewnorfolk),1
1157,southalburyalbury (southalburyalbury),1
1158,southamptongrafton (southamptongrafton),1
1159,southboulderkalgoorlie-boulder (southboulderkalgoorlie-boulder),1
272,centennialparkalbany (centennialparkalbany),1
1136,shellharbourcitycentrewollongong (shellharbourcitycentrewollongong),1
304,cobakilakestweedheads (cobakilakestweedheads),1
289,chinderahtweedheads (chinderahtweedheads),1
297,cliftonspringsdrysdale-cliftonsprings (cliftonspringsdrysdale-cliftonsprings),1
1112,russellvalewollongong (russellvalewollongong),1
1113,ryeaustralia (ryeaustralia),1
293,clarencelithgow (clarencelithgow),1
1115,salamanderbaysalamanderbay-soldierspoint (salamanderbaysalamanderbay-soldierspoint),1
292,clagirabamountnathan (clagirabamountnathan),1
1123,sandycreekcockatoovalley (sandycreekcockatoovalley),1
1132,seppingsalbany (seppingsalbany),1
1124,sandygullynorthampton (sandygullynorthampton),1
284,cheeropointmooneymooney (cheeropointmooneymooney),1
283,charlwoodsoutheast (charlwoodsoutheast),1
282,charltongowriemountain (charltongowriemountain),1
279,charleroibelgique (charleroibelgique),1
275,chancebaywhitsundays (chancebaywhitsundays),1
1052,portsmithcairns (portsmithcairns),1
357,dalcouthstanthorpe (dalcouthstanthorpe),1
1049,portmacquairensw (portmacquairensw),1
969,norwellgoldcoast (norwellgoldcoast),1
961,northtamworthtamworth (northtamworthtamworth),1
448,erudgeremudgee (erudgeremudgee),1
964,northwaggawaggawaggawagga (northwaggawaggawaggawagga),1
965,northwalpolewalpole (northwalpolewalpole),1
443,empirebaycentralcoast (empirebaycentralcoast),1
442,emeraldbeachemeraldbeachwest (emeraldbeachemeraldbeachwest),1
431,edgeworthnewcastle (edgeworthnewcastle),1
454,evansplainsbathurst (evansplainsbathurst),1
430,edgehillcairns (edgehillcairns),1
428,eastwardellwardell (eastwardellwardell),1
975,o'connellstreetparramatta (o'connellstreetparramatta),1
426,eastwaggawaggawaggawagga (eastwaggawaggawaggawagga),1
985,oldpierbeachbridport (oldpierbeachbridport),1
416,eastgeelonggeelong (eastgeelonggeelong),1
453,euthullaroma (euthullaroma),1
956,northmoontamoonta (northmoontamoonta),1
992,ormeauhillsgoldcoast (ormeauhillsgoldcoast),1
465,fassifernnewcastle (fassifernnewcastle),1
471,figtreewollongong (figtreewollongong),1
934,niagaraparkcentralcoast (niagaraparkcentralcoast),1
936,nobbyscreekmurwillumbah (nobbyscreekmurwillumbah),1
470,feysvillekambaldaeast (feysvillekambaldaeast),1
468,fernbaynewcastle (fernbaynewcastle),1
467,fernbankcreekportmacquarie (fernbankcreekportmacquarie),1
464,farnboroughyeppoon (farnboroughyeppoon),1
953,northisisappletreecreek (northisisappletreecreek),1
459,fairybowerrockhampton (fairybowerrockhampton),1
458,fairhavenaireysinlet-fairhaven (fairhavenaireysinlet-fairhaven),1
949,northbendigobendigo (northbendigobendigo),1
950,northdownportsorell (northdownportsorell),1
457,evironnunderi (evironnunderi),1
952,northgosfordcentralcoast (northgosfordcentralcoast),1
990,orientpointculburrabeach-orientpoint (orientpointculburrabeach-orientpoint),1
412,eastcamburnie-somerset (eastcamburnie-somerset),1
358,dalyellupbunbury (dalyellupbunbury),1
380,dickybeachsunshinecoast (dickybeachsunshinecoast),1
1025,pictoneastbunbury (pictoneastbunbury),1
385,djugunbroome (djugunbroome),1
1030,pinnaclestownsville (pinnaclestownsville),1
382,dingupmanjimup (dingupmanjimup),1
381,diddillibahsunshinecoast (diddillibahsunshinecoast),1
1034,pointfrederickcentralcoast (pointfrederickcentralcoast),1
1037,pointvernonherveybay (pointvernonherveybay),1
387,dolphinheadsmackay (dolphinheadsmackay),1
378,devonportauckland (devonportauckland),1
1040,portalbanyalbany (portalbanyalbany),1
375,degarrawujalwujal (degarrawujalwujal),1
374,deeraguntownsville (deeraguntownsville),1
1045,porthughesmoonta (porthughesmoonta),1
372,deepdalegeraldton (deepdalegeraldton),1
386,doctorsrockswynyard (doctorsrockswynyard),1
388,dombartonwollongong (dombartonwollongong),1
996,overlandcornercobdogla (overlandcornercobdogla),1
397,drouinwestdrouin (drouinwestdrouin),1
411,eastbunburybunbury (eastbunburybunbury),1
998,oxleyvaletamworth (oxleyvaletamworth),1
999,pacificparadisesunshinecoast (pacificparadisesunshinecoast),1
410,eastbendigobendigo (eastbendigobendigo),1
1001,pagetmackay (pagetmackay),1
402,dunbiblemurwillumbah (dunbiblemurwillumbah),1
395,dromealbany (dromealbany),1
390,dondingalongkempsey (dondingalongkempsey),1
1011,paynedaledonnybrook (paynedaledonnybrook),1
393,doyalsoncentralcoast (doyalsoncentralcoast),1
1013,pearsondalesale (pearsondalesale),1
1014,peedamullaonslow (peedamullaonslow),1
391,doonandoonan-tinbeerwah (doonandoonan-tinbeerwah),1
1018,pelicanwaterssunshinecoast (pelicanwaterssunshinecoast),1
726,launchingplacewooriyallock-launchingplace (launchingplacewooriyallock-launchingplace),1
